feature,avg_score,std_score,avg_rank
Use Of Midazolam,8.88232421875,0.9750614684853612,1.6
Sedation Use,9.00068359375,0.7317253849853663,1.6
Mechanical Ventilation,7.9078125,0.36336104634371585,3.4
Sequential Organ Failure Assessment Score,6.884716796875,0.6048443718909237,5.4
Alcohol Abuse,6.83359375,1.1241607926773505,6.4
Dementia,6.48203125,1.6206474112576772,7.0
Vasopressor Use,6.41015625,0.15371478414024217,7.0
Systemic Inflammatory Response Syndrome,6.481640625,0.6806628015142552,7.0
Age,5.62109375,0.9448551301064242,9.6
Sepsis,5.70390625,0.5918671317619828,10.2
Depression,4.9340087890625,1.5124823334741933,12.0
Acute Physiology and Chronic Health Evaluation (APACHE) Score,4.7619140625,1.005375338633887,12.8
Acute Kidney Injury,4.605859375,0.3567338836173305,13.2
Cerebrovascular Disease,4.2546875,1.2274472684080617,13.6
Stroke,3.933984375,0.8858034493353998,14.6
Infection,4.053515625,0.6247933618366293,14.8
Renal Replacement Therapy,2.20859375,0.5847487942217153,17.8
Glasgow Coma Scale,2.2173828125,0.6366489489155491,18.2
Heart Failure,-0.476171875,0.7702316272677685,20.4
Arterial Partial Pressure Of Carbon Dioxide,-0.78046875,0.6919379135239483,21.4
Blood Sodium,-1.015625,0.6663334331553723,21.6
Glucose,-2.0671875,1.302529090366123,24.6
Mean Blood Glucose,-3.159375,1.5540970337569116,26.0
Simplified Acute Physiology Score II,-2.996875,1.6378677304699085,27.0
Cardiovascular Disease,-3.1234375,0.6522946276415282,27.4
Blood pH,-3.447265625,1.0692391687093883,28.0
White Blood Cell Count,-3.3173095703125,1.7549847865633974,28.6
Charlson Comorbidity Index,-4.080859375,2.412168916901756,28.8
Renal Disease,-3.88310546875,1.380119226806219,29.4
Type Of Initial ICU Admission,-3.601953125,1.0158798132869584,29.4
Antibiotic Drug Use,-3.66875,0.049787451061518745,30.2
Logistic Organ Dysfunction Score,-6.090625,0.47865830143354876,34.6
Mean Blood Pressure,-6.837109375,1.61004660213149,35.0
Oxygen Saturation,-8.5654296875,5.171250504421535,36.2
Liver Disease,-8.4984375,3.1685173114763,36.6
Albumin,-7.553125,0.873750502950499,36.6
Coronary Artery Bypass Grafting,-9.58359375,2.5423590378896255,37.6
Chronic Obstructive Pulmonary Disease,-9.65546875,2.3563551011664114,38.6
Insurance,-9.957012939453126,14.907175578824942,40.8
Respiratory Rate,-12.887890625,2.096670635969633,41.0
Neutrophil Count,-14.596922779083252,18.390229080401554,41.2
Magnesium,-13.191552734375,3.0397820275520133,41.6
Aspartate Aminotransferase,-15.396874854077817,0.7773024212421258,42.6
Nicotine Dependence,-17.637497901916504,13.009164443985059,44.4
Creatinine,-16.80703125,0.047649845881177835,44.6
Blood Urea Nitrogen,-17.190625,0.4638283289644995,44.8
Arterial Partial Pressure Of Oxygen,-17.4609375,1.9341243747928851,44.8
Glomerular Filtration Rate,-21.108592796325684,0.18827962914240085,48.2
Neutrophil To Lymphocyte Ratio,-21.561716079711914,0.7537799363774583,49.0
Acute Myocardial Infarction,-21.960334968566894,1.7161433420757686,50.2
Calcium,-22.2984338760376,1.4737156750666185,51.0
Heart Rate,-22.79101390838623,0.23936250692962738,51.2
Aortic Surgery,-22.6359375,1.641848502117735,51.6
Glycemic Lability Index,-22.946855354309083,1.973332353852579,52.2
Temperature,-23.796078872680663,0.39248857334210663,54.4
Systolic Blood Pressure,-24.751539993286134,0.40470181291838697,56.4
Oxford Acute Severity Of Illness Score,-24.837468147277832,1.2511286801485335,56.8
Largest Amplitude Of Glycemic Excursions,-27.584602928161623,0.4692024763114441,60.8
Hypertension,-27.664981651306153,0.20160242716241777,61.0
Mean Absolute Glucose,-27.627485275268555,0.0684211812030868,61.2
Mean Amplitude Of Glycemic Excursions,-28.20762891769409,1.5961770202479078,61.6
Bilirubin,-28.584512424468993,2.665494247908114,63.4
Anion Gap,-29.245077753067015,2.389384807683746,64.8
Gram Negative,-29.55793743133545,0.4139719779053256,65.0
Alkaline Phosphatase,-30.171875,0.5426173548182918,66.2
Urine Output,-30.33382120132446,1.253233325286659,66.8
Base Excess,-30.229577159881593,0.15832605177883707,67.4
Body Mass Index,-25.075390705490133,15.609541943859194,69.0
Hemoglobin,-31.079477071762085,1.009628407834602,69.2
Anemia,-31.353778409957886,2.219532489142036,69.2
Potassium,-30.796709060668945,0.42644833463136333,69.4
Red Cell Distribution Width,-32.55783743858338,0.29748609028450884,73.0
Elective Surgery,-32.638663148880006,0.02039792330606233,73.6
Heart Valve Surgery,-33.07177286148071,0.05399430216493206,75.8
International Normalized Ratio,-33.557763671875,0.8253732370392466,77.4
Type Of Microorganism,-33.4481119632721,1.1543382968279836,78.0
Gram Positive,-33.35663805007935,0.11373992882639232,78.0
Statin Drugs,-33.78311772346497,0.1113596989525308,79.8
Marital Status,-31.26416015625,7.419186056814729,79.8
Bicarbonate,-34.02966456413269,1.730313517019034,81.6
Peripheral Vascular Disease,-34.265589427948,0.788565846920906,81.6
Lactate,-34.345455169677734,1.213223887665414,82.0
Sex,-34.40037126541138,0.042470661776927966,82.4
Alanine Aminotransferase,-34.6306640625,0.7744431248487447,83.4
Phosphate,-33.81562700271606,3.5096685431151196,84.0
Platelet Count,-30.299657633900644,14.463255242443179,85.4
Cancer,-35.190999484062196,1.0788090512560184,87.2
Diastolic Blood Pressure,-35.50605173110962,0.5355353733140041,87.4
Geriatric Nutritional Risk Index,-35.34133539199829,1.0968452547543355,87.6
Height,-35.44375,0.035971451353816686,88.2
Red Blood Cell Count,-35.46474080250846,1.2465010904220577,89.2
Lymphocyte To Monocyte Ratio,-35.958718138188125,0.47474690567685945,91.4
Ethnicity,-35.99687196934023,0.15909041932473875,91.4
Diabetes,-35.92510333061218,0.30532611993813114,91.4
Mean Corpuscular Hemoglobin Concentration,-34.74375,5.385899763248999,92.2
Mean Corpuscular Volume,-35.99453125,3.0091940820487966,92.8
Partial Thromboplastin Time,-36.15414581752266,1.19321735365229,93.2
Platelet To Lymphocyte Ratio,-36.23392788171768,0.8391540312603659,94.8
Prothrombin Time,-36.27586264014244,0.4378818192840912,94.8
Body Weight,-36.5546875,0.0,97.4
Total Carbon Dioxide,-36.672189022733804,0.6987739191681855,97.6
Hematocrit,-36.69678852558136,0.2166085982308446,98.4
Prognostic Nutritional Index,-36.77464524805546,0.3154548798182961,98.8
Lymphocyte Count,-36.683814338059165,0.4163471038152028,98.8
Chloride,-37.10961918774992,0.36801852142536323,101.4
Mean Corpuscular Hemoglobin,-37.64609375,0.27445889035539944,105.2
Monocyte Count,-37.98709664050839,0.4922476081611026,106.6
