Characteristic,"Overall (n=32,574)","No delirium (n=29,846)","Delirium (n=2,728)",p-value,SMD
"Continuous variables, median [Q1-Q3]",,,,,
"    Age, years",65.0 [53.0-77.0],65.0 [53.0-76.0],69.0 [58.0-79.0],<0.001,0.269
"    Height, cm",169 [160-176],169 [161-176],168 [160-176],0.120,0.054
"    Weight, kg",80.7 [67.6-96.1],80.9 [67.7-96.3],79.2 [65.2-94.1],0.011,0.051
    SOFA score,3.0 [1.0-5.0],3.0 [1.0-5.0],4.0 [2.0-7.0],<0.001,0.493
    APACHE score,37.0 [28.0-49.0],36.0 [27.0-47.0],46.0 [35.0-59.0],<0.001,0.528
    SAPS II,31.0 [24.0-40.0],31.0 [23.0-39.0],37.0 [30.0-46.0],<0.001,0.505
    OASIS,28.0 [23.0-34.0],28.0 [23.0-33.0],32.0 [28.0-37.0],<0.001,0.583
    LODS,3.0 [2.0-5.0],3.0 [1.0-5.0],5.0 [3.0-7.0],<0.001,0.608
"    Glasgow Coma Scale, lowest",15.0 [14.0-15.0],15.0 [14.0-15.0],14.0 [13.0-15.0],<0.001,0.214
"    Heart rate, highest, bpm",100 [88-115],100 [88-114],104 [92-121],<0.001,0.222
"    Mean arterial pressure, lowest, mmHg",61.0 [54.0-69.0],61.0 [54.0-69.8],60.0 [52.0-68.0],<0.001,0.113
"    Respiratory rate, highest, /min",27.0 [23.0-31.0],27.0 [23.0-31.0],28.0 [25.0-33.0],<0.001,0.247
"    Temperature, highest, C",37.2 [36.9-37.6],37.2 [36.9-37.6],37.2 [37.0-37.7],<0.001,0.167
"    SpO2, lowest, %",92.0 [90.0-94.0],92.0 [90.0-94.0],92.0 [89.0-94.0],<0.001,0.183
"    Creatinine, highest, mg/dL",1.0 [0.8-1.4],1.0 [0.8-1.4],1.1 [0.8-1.8],<0.001,0.141
"    BUN, highest, mg/dL",19.0 [13.0-30.0],19.0 [13.0-30.0],23.0 [16.0-39.0],<0.001,0.251
"    Sodium, lowest, mEq/L",137 [135-140],137 [135-140],137 [134-140],0.002,0.039
"    Glucose, highest, mg/dL",138 [114-176],137 [113-175],145 [120-190],<0.001,0.077
"    Lactate, highest, mmol/L",1.9 [1.3-2.9],1.9 [1.3-2.9],1.8 [1.3-3.0],0.746,0.094
"    Albumin, lowest, g/dL",3.3 [2.8-3.8],3.4 [2.8-3.8],3.3 [2.7-3.8],<0.001,0.143
"    Bilirubin, highest, mg/dL",0.7 [0.4-1.2],0.6 [0.4-1.2],0.7 [0.4-1.3],<0.001,0.154
"    White blood cell count, highest, K/uL",11.7 [8.5-15.9],11.6 [8.4-15.8],12.4 [9.1-17.0],<0.001,0.112
"    Hemoglobin, lowest, g/dL",10.6 [8.9-12.2],10.6 [8.9-12.2],10.3 [8.4-12.0],<0.001,0.147
"    Platelet count, lowest, K/uL",189 [139-249],190 [140-249],178 [125-238],<0.001,0.134
"    Arterial pH, lowest",7.3 [7.3-7.4],7.3 [7.3-7.4],7.3 [7.3-7.4],0.586,0.048
"    Urine output, mL","1,640 [1,048-2,470]","1,670 [1,074-2,500]","1,320 [800-2,070]",<0.001,0.300
"    eGFR, mL/min/1.73m2",76.6 [47.4-98.2],77.6 [48.6-98.5],64.6 [36.3-91.3],<0.001,0.275
"Binary variables, n (%)",,,,,
    Elective surgery,"4,658 (14.3)","4,458 (14.9)",200 (7.3),<0.001,0.244
    Mechanical ventilation,"7,533 (23.1)","6,562 (22.0)",971 (35.6),<0.001,0.304
    Renal replacement therapy,913 (2.8),783 (2.6),130 (4.8),<0.001,0.114
    Vasopressor use,"6,102 (18.7)","5,426 (18.2)",676 (24.8),<0.001,0.161
    Sedation,"7,553 (23.2)","6,718 (22.5)",835 (30.6),<0.001,0.184
    Midazolam,"2,414 (7.4)","2,154 (7.2)",260 (9.5),<0.001,0.084
    Antibiotic use,"16,212 (49.8)","14,671 (49.2)","1,541 (56.5)",<0.001,0.147
    Statins,"16,331 (50.1)","14,829 (49.7)","1,502 (55.1)",<0.001,0.108
    Sepsis,"11,032 (33.9)","9,653 (32.3)","1,379 (50.5)",<0.001,0.376
    Hypertension,"20,082 (61.7)","18,171 (60.9)","1,911 (70.1)",<0.001,0.194
    Diabetes,"8,938 (27.4)","8,118 (27.2)",820 (30.1),0.001,0.063
    Heart failure,"8,115 (24.9)","7,267 (24.3)",848 (31.1),<0.001,0.151
    Myocardial infarction,"3,133 (9.6)","2,843 (9.5)",290 (10.6),0.066,0.037
    Peripheral vascular disease,"3,134 (9.6)","2,840 (9.5)",294 (10.8),0.035,0.042
    Cerebrovascular disease,"5,735 (17.6)","5,035 (16.9)",700 (25.7),<0.001,0.216
    Stroke,"4,044 (12.4)","3,482 (11.7)",562 (20.6),<0.001,0.245
    COPD,"7,700 (23.6)","6,950 (23.3)",750 (27.5),<0.001,0.097
    Renal disease,"5,903 (18.1)","5,282 (17.7)",621 (22.8),<0.001,0.126
    Liver disease,"3,123 (9.6)","2,755 (9.2)",368 (13.5),<0.001,0.135
    Cancer,"4,841 (14.9)","4,439 (14.9)",402 (14.7),0.869,0.004
    Dementia,700 (2.1),498 (1.7),202 (7.4),<0.001,0.278
    Depression,"5,003 (15.4)","4,489 (15.0)",514 (18.8),<0.001,0.101
    Alcohol abuse,"1,715 (5.3)","1,445 (4.8)",270 (9.9),<0.001,0.194
    Nicotine dependence,"10,801 (33.2)","9,712 (32.5)","1,089 (39.9)",<0.001,0.154
    Anemia,"1,789 (5.5)","1,595 (5.3)",194 (7.1),<0.001,0.073
    Coronary artery bypass grafting,"1,908 (5.9)","1,831 (6.1)",77 (2.8),<0.001,0.161
    Heart valve surgery,"1,066 (3.3)","1,006 (3.4)",60 (2.2),0.001,0.071
    Aortic surgery,147 (0.5),140 (0.5),7 (0.3),0.151,0.035
"Categorical variables, n (%)",,,,,
Sex,,,,0.897,
      M,"17,609 (54.1)","16,138 (54.1)","1,471 (53.9)",,0.003
      F,"14,965 (45.9)","13,708 (45.9)","1,257 (46.1)",,0.003
Race / ethnicity,,,,<0.001,
      WHITE,"21,069 (64.7)","19,493 (65.3)","1,576 (57.8)",,0.155
      UNKNOWN,"2,621 (8.0)","2,219 (7.4)",402 (14.7),,0.234
      BLACK/AFRICAN AMERICAN,"2,542 (7.8)","2,344 (7.9)",198 (7.3),,0.023
      OTHER,"1,129 (3.5)","1,016 (3.4)",113 (4.1),,0.039
      UNABLE TO OBTAIN,782 (2.4),699 (2.3),83 (3.0),,0.043
      WHITE - OTHER EUROPEAN,740 (2.3),654 (2.2),86 (3.2),,0.060
      ASIAN,420 (1.3),396 (1.3),24 (0.9),,0.043
      ASIAN - CHINESE,380 (1.2),348 (1.2),32 (1.2),,0.001
Insurance,,,,<0.001,
      Medicare,"17,208 (52.8)","15,480 (51.9)","1,728 (63.3)",,0.234
      Private,"9,571 (29.4)","9,035 (30.3)",536 (19.6),,0.247
      Medicaid,"4,368 (13.4)","3,982 (13.3)",386 (14.1),,0.023
      Other,889 (2.7),842 (2.8),47 (1.7),,0.074
      No charge,6 (0.0),5 (0.0),1 (0.0),,0.012
Marital status,,,,0.005,
      MARRIED,"14,970 (46.0)","13,832 (46.3)","1,138 (41.7)",,0.093
      SINGLE,"8,909 (27.4)","8,233 (27.6)",676 (24.8),,0.064
      WIDOWED,"4,002 (12.3)","3,653 (12.2)",349 (12.8),,0.017
      DIVORCED,"2,307 (7.1)","2,093 (7.0)",214 (7.8),,0.032
First ICU unit,,,,<0.001,
      Medical Intensive Care Unit (MICU),"5,761 (17.7)","5,188 (17.4)",573 (21.0),,0.092
      Medical/Surgical Intensive Care Unit (MICU/SICU),"5,588 (17.2)","5,185 (17.4)",403 (14.8),,0.071
      Surgical Intensive Care Unit (SICU),"4,916 (15.1)","4,514 (15.1)",402 (14.7),,0.011
      Coronary Care Unit (CCU),"4,498 (13.8)","4,244 (14.2)",254 (9.3),,0.153
      Trauma SICU (TSICU),"3,984 (12.2)","3,597 (12.1)",387 (14.2),,0.063
      Cardiac Vascular Intensive Care Unit (CVICU),"3,774 (11.6)","3,585 (12.0)",189 (6.9),,0.174
      Neuro Intermediate,"2,912 (8.9)","2,600 (8.7)",312 (11.4),,0.091
      Neuro Stepdown,606 (1.9),530 (1.8),76 (2.8),,0.068
Cardiac surgery type,,,,<0.001,
      None,"29,927 (91.9)","27,313 (91.5)","2,614 (95.8)",,0.178
      CABG,"1,531 (4.7)","1,482 (5.0)",49 (1.8),,0.176
      Valve,616 (1.9),585 (2.0),31 (1.1),,0.067
      Combined,457 (1.4),427 (1.4),30 (1.1),,0.030
      Aortic,43 (0.1),39 (0.1),4 (0.1),,0.004
"Microbiology, organism class",,,,<0.001,
      Culture negative,"17,695 (54.3)","16,365 (54.8)","1,330 (48.8)",,0.122
      No culture,"11,464 (35.2)","10,457 (35.0)","1,007 (36.9)",,0.039
      Gram positive,"1,785 (5.5)","1,614 (5.4)",171 (6.3),,0.037
      Gram negative,666 (2.0),583 (2.0),83 (3.0),,0.070
      Polymicrobial,510 (1.6),440 (1.5),70 (2.6),,0.078
      Fungal,363 (1.1),306 (1.0),57 (2.1),,0.086
      Other,91 (0.3),81 (0.3),10 (0.4),,0.017
"AKI, KDIGO stage (first 24h)",,,,<0.001,
      0,"17,783 (54.6)","16,631 (55.7)","1,152 (42.2)",,0.272
      1,"6,569 (20.2)","5,994 (20.1)",575 (21.1),,0.025
      2,"7,459 (22.9)","6,591 (22.1)",868 (31.8),,0.221
      3,763 (2.3),630 (2.1),133 (4.9),,0.151
"SIRS criteria met, count",,,,<0.001,
      0,637 (2.0),601 (2.0),36 (1.3),,0.054
      1,"4,853 (14.9)","4,552 (15.3)",301 (11.0),,0.125
      2,"11,131 (34.2)","10,230 (34.3)",901 (33.0),,0.026
      3,"11,845 (36.4)","10,705 (35.9)","1,140 (41.8)",,0.122
      4,"4,108 (12.6)","3,758 (12.6)",350 (12.8),,0.007
Outcomes (not used as model inputs),,,,,
"    ICU length of stay, hours",51.0 [35.0-91.0],49.0 [34.0-78.0],148 [90-260],<0.001,0.925
