feature,ranking_claude,ranking_gemini,ranking_gpt,scoring_claude,scoring_gemini,scoring_gpt,sequencing_claude,sequencing_gemini,sequencing_gpt,lmprior_gpt,mean_rank
Glasgow Coma Scale,3.6,1.2,2.4,3.0,2.0,3.0,2.0,1.0,1.0,18.2,3.7399999999999998
Sedation Use,8.2,5.0,8.0,1.0,2.0,2.0,3.2,4.2,3.0,1.6,3.8200000000000003
Sequential Organ Failure Assessment Score,4.2,5.8,3.8,4.0,9.0,7.0,6.0,3.0,5.0,5.4,5.319999999999999
Dementia,8.6,3.2,1.8,2.0,2.0,1.0,13.2,12.0,6.0,7.0,5.68
Mechanical Ventilation,9.0,10.8,7.8,5.0,2.0,5.0,5.0,4.8,4.0,3.4,5.68
Age,14.6,8.8,11.0,19.0,2.0,8.0,1.0,2.0,2.0,9.6,7.8
Sepsis,11.0,11.4,9.2,5.0,1.0,6.0,9.0,8.6,7.0,10.2,7.839999999999999
Acute Physiology and Chronic Health Evaluation (APACHE) Score,4.0,4.4,4.8,8.0,25.0,10.0,5.4,6.4,16.0,12.8,9.68
Use Of Midazolam,14.4,7.2,9.4,7.0,2.0,4.0,21.8,11.6,18.8,1.6,9.779999999999998
Vasopressor Use,11.4,8.8,7.8,16.0,17.0,12.0,9.2,8.4,10.0,7.0,10.760000000000002
Acute Kidney Injury,15.6,17.6,15.6,19.0,16.0,19.0,14.0,23.8,11.0,13.2,16.48
Infection,30.8,15.4,18.8,19.0,2.0,8.0,23.2,23.8,21.0,14.8,17.68
Simplified Acute Physiology Score II,3.0,9.4,7.6,10.0,25.0,12.0,33.2,25.2,65.6,27.0,21.8
Charlson Comorbidity Index,9.8,22.4,28.4,16.0,38.0,24.0,8.6,26.8,20.2,28.8,22.3
Systemic Inflammatory Response Syndrome,19.0,12.4,15.0,11.0,9.0,10.0,58.2,51.4,31.8,7.0,22.480000000000004
Renal Replacement Therapy,22.4,40.6,25.4,25.0,17.0,24.0,24.0,31.8,16.0,17.8,24.400000000000002
Alcohol Abuse,62.8,22.4,25.8,26.0,9.0,17.0,59.4,29.8,8.0,6.4,26.660000000000004
Blood Urea Nitrogen,24.0,31.8,49.8,35.0,25.0,44.0,10.4,10.0,27.0,44.8,30.18
Logistic Organ Dysfunction Score,2.6,7.2,30.0,11.0,12.0,12.0,72.6,56.2,66.0,34.6,30.419999999999998
Stroke,54.0,36.8,22.0,19.0,12.0,16.0,52.0,47.4,39.6,14.6,31.340000000000003
Blood pH,25.2,44.8,48.8,39.0,37.0,21.0,19.0,20.4,43.0,28.0,32.620000000000005
Blood Sodium,46.8,55.8,43.8,19.0,25.0,24.0,15.0,33.8,41.8,21.6,32.660000000000004
Depression,52.4,32.2,31.2,11.0,38.0,36.0,46.2,47.4,21.8,12.0,32.82
Lactate,18.4,24.6,54.2,26.0,38.0,52.0,14.0,7.6,14.4,82.0,33.12
Glucose,32.0,44.8,49.0,26.0,38.0,43.0,31.8,21.2,22.8,24.6,33.32000000000001
Arterial Partial Pressure Of Carbon Dioxide,40.4,51.4,51.8,39.0,38.0,20.0,30.4,26.2,35.8,21.4,35.44
Neutrophil To Lymphocyte Ratio,42.0,19.8,48.0,39.0,25.0,38.0,42.8,17.2,39.4,49.0,36.019999999999996
Heart Failure,54.4,44.4,19.4,26.0,36.0,23.0,55.6,45.6,38.8,20.4,36.36
Creatinine,34.8,28.6,56.6,51.0,38.0,56.0,11.6,14.0,29.2,44.6,36.440000000000005
Oxygen Saturation,43.4,45.0,53.4,39.0,25.0,38.0,24.4,18.4,52.2,36.2,37.49999999999999
Respiratory Rate,35.2,37.0,57.4,35.0,68.0,44.0,20.0,14.2,26.0,41.0,37.78
Mean Blood Glucose,21.8,40.8,32.4,16.0,38.0,24.0,54.4,61.2,64.2,26.0,37.88
Oxford Acute Severity Of Illness Score,11.8,13.0,50.0,8.0,12.0,12.0,84.2,61.2,71.0,56.8,38.0
White Blood Cell Count,59.0,42.0,33.2,52.0,38.0,44.0,22.6,50.4,12.8,28.6,38.260000000000005
Liver Disease,52.0,56.2,34.0,63.0,25.0,22.0,59.0,30.0,9.0,36.6,38.68
Cerebrovascular Disease,39.8,41.0,54.2,11.0,25.0,18.0,65.2,73.0,51.2,13.6,39.2
Arterial Partial Pressure Of Oxygen,54.4,45.0,45.4,35.0,38.0,24.0,37.4,33.6,34.8,44.8,39.24
Mean Blood Pressure,39.0,42.4,62.0,34.0,71.0,37.0,26.6,15.6,31.8,35.0,39.440000000000005
Albumin,46.6,40.4,69.0,54.0,38.0,56.0,15.8,21.8,18.2,36.6,39.64
Type Of Initial ICU Admission,31.6,18.0,48.6,39.0,25.0,44.0,42.2,46.8,72.8,29.4,39.739999999999995
Urine Output,30.4,63.8,47.0,39.0,38.0,61.0,23.6,32.4,22.2,66.8,42.42
Antibiotic Drug Use,55.0,46.4,48.0,63.0,25.0,24.0,60.2,60.0,20.4,30.2,43.21999999999999
Renal Disease,53.6,46.4,30.4,26.0,20.0,24.0,79.0,78.4,54.6,29.4,44.17999999999999
Temperature,49.8,52.8,43.6,62.0,38.0,56.0,25.6,28.6,33.4,54.4,44.42
Heart Rate,60.6,50.6,75.0,26.0,81.0,53.0,26.0,17.0,26.0,51.2,46.64
Glomerular Filtration Rate,26.6,45.0,60.8,39.0,20.0,44.0,73.0,67.4,47.2,48.2,47.11999999999999
Chronic Obstructive Pulmonary Disease,66.0,58.6,30.4,54.0,38.0,50.0,42.8,47.4,51.2,38.6,47.7
Bilirubin,49.4,36.8,66.8,80.0,38.0,56.0,29.8,22.0,39.6,63.4,48.18
Anion Gap,46.6,51.6,67.2,52.0,38.0,65.0,32.8,36.2,48.0,64.8,50.22
Glycemic Lability Index,41.8,53.4,55.2,39.0,38.0,24.0,95.0,52.6,55.6,52.2,50.68
Acute Myocardial Infarction,58.6,83.0,32.8,54.0,38.0,40.0,48.6,89.4,50.4,50.2,54.5
Bicarbonate,40.0,52.8,67.4,54.0,76.0,69.0,19.4,35.8,52.6,81.6,54.86
Magnesium,66.4,47.0,77.8,63.0,75.0,62.0,47.4,34.4,40.6,41.6,55.519999999999996
Cardiovascular Disease,54.4,66.8,38.2,54.0,38.0,40.0,88.0,81.2,68.8,27.4,55.67999999999999
Base Excess,31.8,55.8,52.6,39.0,72.0,68.0,60.0,53.2,60.4,67.4,56.019999999999996
Calcium,57.8,65.8,62.6,63.0,38.0,67.0,48.4,51.6,68.6,51.0,57.379999999999995
Red Cell Distribution Width,79.6,84.0,81.6,54.0,38.0,77.0,31.4,34.8,24.8,73.0,57.82000000000001
Mean Absolute Glucose,32.2,55.0,71.2,19.0,38.0,24.0,101.2,82.8,95.2,61.2,57.980000000000004
Mean Amplitude Of Glycemic Excursions,34.4,67.6,80.6,35.0,38.0,50.0,70.4,70.2,81.2,61.6,58.9
Systolic Blood Pressure,51.2,52.8,58.0,63.0,81.0,56.0,55.2,70.4,46.6,56.4,59.06
Geriatric Nutritional Risk Index,52.4,49.4,61.0,39.0,20.0,54.0,69.0,77.2,84.4,87.6,59.4
Largest Amplitude Of Glycemic Excursions,35.0,62.4,66.8,11.0,23.0,42.0,102.0,93.2,102.8,60.8,59.89999999999999
Coronary Artery Bypass Grafting,89.6,71.0,62.2,39.0,17.0,24.0,95.0,82.8,92.8,37.6,61.1
Hemoglobin,62.6,59.0,49.4,63.0,81.0,80.0,27.6,64.8,58.6,69.2,61.52
Diabetes,70.6,60.2,39.8,82.0,79.0,71.0,46.4,63.2,19.6,91.4,62.32000000000001
Anemia,80.2,64.8,53.8,54.0,38.0,66.0,67.6,91.8,38.6,69.2,62.4
Aortic Surgery,76.8,76.0,51.8,26.0,15.0,24.0,107.0,98.4,98.4,51.6,62.5
Neutrophil Count,78.2,65.2,59.0,63.0,38.0,44.0,73.2,93.0,72.4,41.2,62.71999999999999
Lymphocyte Count,60.0,45.6,55.2,63.0,38.0,80.0,55.2,80.2,61.0,98.8,63.7
Heart Valve Surgery,79.2,57.8,56.8,26.0,25.0,24.0,102.2,92.6,101.4,75.8,64.08
Hypertension,85.8,57.2,49.2,96.0,81.0,71.0,48.0,44.4,47.6,61.0,64.12
Prognostic Nutritional Index,57.2,42.0,68.6,50.0,38.0,63.0,79.4,67.4,77.8,98.8,64.22
International Normalized Ratio,56.4,59.2,83.0,63.0,72.0,80.0,47.0,47.0,59.8,77.4,64.47999999999999
Platelet Count,75.6,51.6,59.6,76.0,72.0,95.0,52.2,38.4,41.2,85.4,64.7
Cancer,76.0,53.4,52.4,82.0,38.0,74.0,71.0,74.6,49.4,87.2,65.8
Potassium,55.4,67.4,61.4,75.0,81.0,80.0,59.6,54.4,65.6,69.4,66.92
Gram Negative,64.2,86.4,56.4,63.0,24.0,55.0,91.2,101.8,86.6,65.0,69.36
Diastolic Blood Pressure,65.4,74.6,71.4,76.0,92.0,77.0,41.2,67.0,63.8,87.4,71.57999999999998
Phosphate,75.4,76.4,59.2,80.0,78.0,80.0,62.6,57.8,74.2,84.0,72.76
Aspartate Aminotransferase,74.8,63.8,85.0,82.0,81.0,93.0,73.4,45.8,92.2,42.6,73.36
Nicotine Dependence,98.0,67.4,82.0,91.0,68.0,64.0,89.2,75.6,60.6,44.4,74.02000000000001
Prothrombin Time,65.8,58.6,65.6,91.0,76.0,69.0,73.0,83.2,70.6,94.8,74.76
Type Of Microorganism,75.0,84.2,69.0,61.0,38.0,80.0,100.2,90.6,77.2,78.0,75.32000000000001
Body Mass Index,93.4,96.0,85.0,82.0,95.0,95.0,37.8,52.6,53.2,69.0,75.9
Chloride,60.0,83.6,78.0,82.0,90.0,91.0,38.2,48.0,88.8,101.4,76.1
Platelet To Lymphocyte Ratio,78.0,74.2,62.8,63.0,38.0,80.0,96.4,92.8,82.8,94.8,76.27999999999999
Hematocrit,71.4,83.6,60.4,82.0,81.0,88.0,52.2,75.0,75.4,98.4,76.74
Elective Surgery,62.2,80.6,79.2,96.0,81.0,77.0,73.2,78.6,79.6,73.6,78.10000000000001
Partial Thromboplastin Time,67.4,70.6,73.8,91.0,96.0,88.0,77.4,56.8,72.6,93.2,78.68
Peripheral Vascular Disease,93.0,81.4,63.0,91.0,92.0,74.0,81.2,75.2,73.2,81.6,80.56000000000002
Sex,103.2,98.2,100.0,96.0,96.0,92.0,48.6,62.2,34.6,82.4,81.32000000000001
Total Carbon Dioxide,47.2,73.4,65.4,76.0,91.0,80.0,100.0,85.4,101.2,97.6,81.72
Lymphocyte To Monocyte Ratio,78.2,82.2,67.8,74.0,70.0,88.0,76.8,104.6,89.2,91.4,82.22
Gram Positive,98.6,85.2,87.6,82.0,38.0,71.0,98.6,102.4,89.6,78.0,83.1
Alkaline Phosphatase,82.2,80.4,71.6,90.0,96.0,99.0,77.6,68.8,99.2,66.2,83.10000000000001
Alanine Aminotransferase,76.8,75.4,93.8,95.0,92.0,101.0,68.6,51.4,97.6,83.4,83.5
Statin Drugs,92.0,91.2,57.2,96.0,96.0,94.0,84.0,83.2,79.6,79.8,85.3
Monocyte Count,86.6,79.0,87.6,82.0,79.0,74.0,82.4,91.6,85.6,106.6,85.44000000000001
Red Blood Cell Count,83.8,86.8,62.2,76.0,81.0,95.0,95.2,104.4,94.8,89.2,86.84
Mean Corpuscular Volume,89.2,94.4,94.6,96.0,96.0,103.0,81.0,95.0,90.0,92.8,93.2
Body Weight,88.2,103.4,76.4,96.0,101.0,98.0,98.2,99.2,91.8,97.4,94.96000000000001
Ethnicity,104.2,104.6,102.0,104.0,105.0,100.0,89.8,69.6,85.2,91.4,95.58
Insurance,105.4,105.8,105.0,104.0,105.0,106.0,105.4,92.8,106.8,40.8,97.69999999999999
Mean Corpuscular Hemoglobin Concentration,97.8,97.8,92.4,96.0,102.0,103.0,94.8,101.0,101.2,92.2,97.82000000000001
Mean Corpuscular Hemoglobin,98.0,100.0,92.0,96.0,104.0,101.0,88.8,104.0,102.4,105.2,99.14
Marital Status,105.0,104.0,102.2,104.0,102.0,103.0,94.6,97.6,103.4,79.8,99.56
Height,106.4,106.8,105.4,104.0,107.0,106.0,96.6,107.0,106.2,88.2,103.36000000000001
