feature,method,model,interaction,resid
Acute Kidney Injury,0.143672114057357,0.17040068727858923,0.2428641756035405,0.44306302306051315
Acute Myocardial Infarction,0.06174386301425765,0.45173170710377386,0.19058485379383922,0.2959395760881293
Acute Physiology and Chronic Health Evaluation (APACHE) Score,0.3915348659035058,0.14483073399542765,0.4252698842218083,0.03836451587925822
Age,0.4744052721817402,0.1999624946420918,0.21858122588941267,0.10705100728675532
Alanine Aminotransferase,0.32169811491049327,0.39558539222605843,0.15448600037185528,0.12823049249159302
Albumin,0.7450694239290988,0.05232693254554389,0.09056819300837035,0.11203545051698684
Alcohol Abuse,0.14385645573505057,0.5574475140265381,0.11903817017396257,0.17965786006444875
Alkaline Phosphatase,0.31901780332794244,0.06696284403489815,0.2893351306191874,0.3246842220179721
Anemia,0.04042531249830373,0.17342706020918258,0.3872156577526178,0.39893196953989596
Anion Gap,0.29571887579480133,0.19359992501132645,0.014818595108030568,0.49586260408584165
Antibiotic Drug Use,0.02201442935176681,0.32485135592401043,0.2398801179484702,0.41325409677575253
Aortic Surgery,0.8331611041830963,0.019063695001599244,0.037359481085224945,0.11041571973007942
Arterial Partial Pressure Of Carbon Dioxide,0.2091576969802705,0.040627945422321655,0.26762253488762994,0.48259182270977785
Arterial Partial Pressure Of Oxygen,0.1538625225082051,0.06084117725489463,0.13354486893726258,0.6517514312996375
Aspartate Aminotransferase,0.19210158456154833,0.410726046289086,0.16565188430542913,0.23152048484393664
Base Excess,0.15692293147822048,0.21883602183251094,0.18548180272091733,0.4387592439683513
Bicarbonate,0.4734323764605948,0.3067623249274529,0.014968459814188168,0.20483683879776415
Bilirubin,0.5168183846987097,0.17057636919253008,0.1549933243204662,0.15761192178829414
Blood Sodium,0.308285419893462,0.09467871850675168,0.09127386452578082,0.5057619970740056
Blood Urea Nitrogen,0.34916441087319444,0.2186958001718185,0.04946394157146547,0.3826758473835216
Blood pH,0.11468974735836163,0.07506970780183021,0.32328694211077036,0.4869536027290378
Body Mass Index,0.8656385902455684,0.033886855590289686,0.03621961215498882,0.06425494200915306
Body Weight,0.14131873146246923,0.24743000554088768,0.15287637299957646,0.4583748899970666
Calcium,0.06574077631359898,0.12219703663862029,0.255279367884539,0.5567828191632418
Cancer,0.06919377616195252,0.2978916225770984,0.2879333127012813,0.34498128855966775
Cardiovascular Disease,0.4698507241920762,0.18008898068022225,0.04196349148849187,0.3080968036392097
Cerebrovascular Disease,0.5065798003501845,0.01969800087647202,0.06948766779692507,0.4042345309764184
Charlson Comorbidity Index,0.20475196258560183,0.43036579255052626,0.13848099453578,0.2264012503280919
Chloride,0.2918739644586872,0.21024800681396144,0.23724912465842063,0.2606289040689307
Chronic Obstructive Pulmonary Disease,0.04082893560705082,0.2039015616117336,0.4388415959405043,0.3164279068407113
Coronary Artery Bypass Grafting,0.7642602718126359,0.06693070315384536,0.025994274639079936,0.1428147503944388
Creatinine,0.5191111302791463,0.24164894051251537,0.06477221442665072,0.1744677147816875
Dementia,0.4221684525867035,0.17663325267888,0.10081806659753421,0.3003802281368823
Depression,0.045610230063630276,0.19498495126465776,0.3848220557546672,0.37458276291704473
Diabetes,0.5123331559283989,0.2949260432200577,0.10978379432269074,0.08295700652885268
Diastolic Blood Pressure,0.37597376715058756,0.16320662067151792,0.049316441964340645,0.4115031702135538
Elective Surgery,0.16649043036903952,0.006257888449173128,0.2120235151716955,0.6152281660100919
Ethnicity,0.7236460875950073,0.050192494691512594,0.13540116290607462,0.09076025480740543
Geriatric Nutritional Risk Index,0.5375395529530996,0.1431360846799169,0.09668824953549925,0.22263611283148418
Glasgow Coma Scale,0.3916925855322563,0.0317046252633691,0.23798535166047954,0.33861743754389506
Glomerular Filtration Rate,0.3266030239162135,0.027171164363208506,0.3909050298239298,0.2553207818966482
Glucose,0.3934933746903403,0.08497473887963153,0.24012122970009278,0.2814106567299354
Glycemic Lability Index,0.246170043399501,0.059463563158313505,0.2965442166120413,0.39782217683014426
Gram Negative,0.5195213567206853,0.017325262915376335,0.2791431039626265,0.18401027640131182
Gram Positive,0.544759039424412,0.1401551891367608,0.1695082383734177,0.14557753306540955
Heart Failure,0.1936097908935713,0.23632773365178844,0.12654184933757592,0.4435206261170642
Heart Rate,0.49982557425166585,0.050157713527619066,0.30608711492079077,0.1439295972999243
Heart Valve Surgery,0.7737487779769717,0.02032027234797696,0.020936581212435756,0.18499436846261555
Height,0.1819772528433968,0.2812436906925108,0.41725553536576954,0.11952352109832282
Hematocrit,0.2910145487545873,0.1266338946660916,0.25480253123567137,0.3275490253436498
Hemoglobin,0.42544846705208156,0.1401612055755817,0.20528025572460074,0.22911007164773603
Hypertension,0.5818173821608986,0.19337586001957174,0.09963582449900553,0.125170933320524
Infection,0.17708875933867563,0.1573838864588315,0.07624355122981533,0.5892838029726776
Insurance,0.15126068537303225,0.19391593993553835,0.3880259143876606,0.2667974603037688
International Normalized Ratio,0.3942277251561148,0.26194181620724427,0.03701468682284116,0.30681577181379976
Lactate,0.46214183259732766,0.15173196598186145,0.1506872522334286,0.23543894918738228
Largest Amplitude Of Glycemic Excursions,0.8187305985194352,0.06394932307737404,0.047456759876683324,0.0698633185265075
Liver Disease,0.07923628147922239,0.49926476412372256,0.14641674214800954,0.2750822122490455
Logistic Organ Dysfunction Score,0.8218665367713944,0.028606102996126027,0.05989337763095171,0.08963398260152788
Lymphocyte Count,0.19956167416532986,0.04220195152235956,0.4593146109858219,0.2989217633264886
Lymphocyte To Monocyte Ratio,0.1918112341673723,0.05001607684644998,0.23487790795983501,0.5232947810263427
Magnesium,0.54827802682823,0.05921803392320328,0.22786594153088002,0.16463799771768667
Marital Status,0.362709590878606,0.021506818689917308,0.3053878828526716,0.31039570757880514
Mean Absolute Glucose,0.6416484576510452,0.04126826309958471,0.13670091954406818,0.18038235970530198
Mean Amplitude Of Glycemic Excursions,0.31545107730932537,0.2156521227455942,0.16529269273392364,0.3036041072111569
Mean Blood Glucose,0.42522486743758126,0.18730875796227744,0.07650239993049973,0.31096397466964154
Mean Blood Pressure,0.2605290705233097,0.042663217684848535,0.30522816628635197,0.3915795455054898
Mean Corpuscular Hemoglobin,0.12061235302025249,0.26474937333449355,0.38213548626871063,0.23250278737654326
Mean Corpuscular Hemoglobin Concentration,0.23799765807962775,0.07503903200624573,0.18774395003903155,0.499219359875095
Mean Corpuscular Volume,0.3637522835669022,0.12808817939946812,0.11738453427496008,0.39077500275866967
Mechanical Ventilation,0.5195940231181282,0.0356169532938633,0.04191335400808195,0.4028756695799266
Monocyte Count,0.0901811614885236,0.00632326765299605,0.15372520121846805,0.7497703696400122
Neutrophil Count,0.43876478822597104,0.16950300389930906,0.2019681562237094,0.18976405165101046
Neutrophil To Lymphocyte Ratio,0.015752562214302605,0.5578354535672583,0.08004945092682339,0.34636253329161576
Nicotine Dependence,0.05111287724319788,0.4072542844953415,0.08250944222726686,0.45912339603419383
Oxford Acute Severity Of Illness Score,0.6708818612385193,0.042408811733825706,0.09520125767981205,0.19150806934784284
Oxygen Saturation,0.1790533227505593,0.17465485725280805,0.1901532097072901,0.45613861028934266
Partial Thromboplastin Time,0.43084106805923417,0.012082372448493459,0.12964988850559375,0.4274266709866787
Peripheral Vascular Disease,0.12115065699207056,0.410227168540301,0.1159889785538615,0.35263319591376685
Phosphate,0.2685939530526168,0.008172834069449558,0.21522228122665912,0.5080109316512745
Platelet Count,0.6300848578973088,0.09091945163988421,0.10832758663985523,0.17066810382295183
Platelet To Lymphocyte Ratio,0.3727244951446234,0.03589418242534268,0.24517475709105377,0.3462065653389802
Potassium,0.5721311156502294,0.01969069156696822,0.06182277988522504,0.34635541289757726
Prognostic Nutritional Index,0.3073384497137809,0.1652699865781048,0.06795838065411657,0.4594331830539977
Prothrombin Time,0.3752967409366831,0.0334215077830909,0.15132092108386752,0.43996083019635845
Red Blood Cell Count,0.3524188531644917,0.05564841382786114,0.2722818260061864,0.31965090700146076
Red Cell Distribution Width,0.7885896043164384,0.01398818748530314,0.0872676498821887,0.11015455831606975
Renal Disease,0.6752038536988884,0.08611628602893101,0.08686338855074198,0.15181647172143864
Renal Replacement Therapy,0.04036088102191747,0.15227103499627714,0.15146277570515318,0.6559053082766523
Respiratory Rate,0.42372334016463525,0.05771178570582948,0.11933819679937281,0.3992266773301624
Sedation Use,0.3892711016820729,0.011031974541597213,0.19845431125928156,0.40124261251704824
Sepsis,0.514938113529663,0.036491677336747776,0.11694408877507471,0.3316261203585146
Sequential Organ Failure Assessment Score,0.10507936507936504,0.047936507936507916,0.2536507936507937,0.5933333333333333
Sex,0.9075915621867421,0.03456554269027925,0.04338761931050512,0.014455275812473602
Simplified Acute Physiology Score II,0.5856414752501894,0.08457537864810352,0.2657278727731275,0.0640552733285795
Statin Drugs,0.2643439344250979,0.21229310719921943,0.2097941057638185,0.3135688526118642
Stroke,0.49585118081166185,0.15859040980059783,0.06612227722575754,0.27943613216198276
Systemic Inflammatory Response Syndrome,0.7194141575535703,0.05940006924284845,0.06986335466793399,0.15132241853564732
Systolic Blood Pressure,0.15513267028113897,0.12890261271288853,0.10986080691297734,0.6061039100929951
Temperature,0.5684574449320079,0.0049036768078067556,0.06424440771888112,0.36239447054130436
Total Carbon Dioxide,0.5203226740611683,0.040971892337162905,0.13733535889292114,0.30137007470874766
Type Of Initial ICU Admission,0.2543042487851784,0.34716766383435715,0.08201229349639048,0.316515793884074
Type Of Microorganism,0.24945362323811976,0.0006215235524867536,0.23952087452840665,0.510403978680987
Urine Output,0.33073351148950036,0.1361721675332012,0.08538914103651234,0.44770517994078607
Use Of Midazolam,0.4915171639473497,0.12722581878120443,0.05622417046893288,0.325032846802513
Vasopressor Use,0.5144636548298218,0.06388142149403013,0.20631909202437543,0.2153358316517727
White Blood Cell Count,0.36846244478881923,0.23619067518703618,0.2643636131473708,0.13098326687677378
