rank,Ranking_Claude Sonnet 4.5,Ranking_Gemini 2.5 Pro,Ranking_GPT-4.1,Scoring_Claude Sonnet 4.5,Scoring_Gemini 2.5 Pro,Scoring_GPT-4.1,Sequencing_Claude Sonnet 4.5,Sequencing_Gemini 2.5 Pro,Sequencing_GPT-4.1,LMprior_GPT-4.1
1,Logistic Organ Dysfunction Score,Glasgow Coma Scale,Dementia,Sedation Use,Sepsis,Dementia,Age,Glasgow Coma Scale,Glasgow Coma Scale,Use Of Midazolam
2,Simplified Acute Physiology Score II,Dementia,Glasgow Coma Scale,Dementia,Age,Sedation Use,Glasgow Coma Scale,Age,Age,Sedation Use
3,Glasgow Coma Scale,Acute Physiology and Chronic Health Evaluation (APACHE) Score,Sequential Organ Failure Assessment Score,Glasgow Coma Scale,Glasgow Coma Scale,Glasgow Coma Scale,Sedation Use,Sequential Organ Failure Assessment Score,Sedation Use,Mechanical Ventilation
4,Acute Physiology and Chronic Health Evaluation (APACHE) Score,Sedation Use,Acute Physiology and Chronic Health Evaluation (APACHE) Score,Sequential Organ Failure Assessment Score,Infection,Use Of Midazolam,Mechanical Ventilation,Sedation Use,Mechanical Ventilation,Sequential Organ Failure Assessment Score
5,Sequential Organ Failure Assessment Score,Sequential Organ Failure Assessment Score,Simplified Acute Physiology Score II,Sepsis,Use Of Midazolam,Mechanical Ventilation,Acute Physiology and Chronic Health Evaluation (APACHE) Score,Mechanical Ventilation,Sequential Organ Failure Assessment Score,Alcohol Abuse
6,Sedation Use,Use Of Midazolam,Mechanical Ventilation,Mechanical Ventilation,Sedation Use,Sepsis,Sequential Organ Failure Assessment Score,Acute Physiology and Chronic Health Evaluation (APACHE) Score,Dementia,Dementia
7,Dementia,Logistic Organ Dysfunction Score,Vasopressor Use,Use Of Midazolam,Mechanical Ventilation,Sequential Organ Failure Assessment Score,Charlson Comorbidity Index,Lactate,Sepsis,Vasopressor Use
8,Mechanical Ventilation,Age,Sedation Use,Acute Physiology and Chronic Health Evaluation (APACHE) Score,Dementia,Age,Sepsis,Vasopressor Use,Alcohol Abuse,Systemic Inflammatory Response Syndrome
9,Charlson Comorbidity Index,Vasopressor Use,Sepsis,Oxford Acute Severity Of Illness Score,Alcohol Abuse,Infection,Vasopressor Use,Sepsis,Liver Disease,Age
10,Sepsis,Simplified Acute Physiology Score II,Use Of Midazolam,Simplified Acute Physiology Score II,Systemic Inflammatory Response Syndrome,Acute Physiology and Chronic Health Evaluation (APACHE) Score,Blood Urea Nitrogen,Blood Urea Nitrogen,Vasopressor Use,Sepsis
11,Vasopressor Use,Mechanical Ventilation,Age,Systemic Inflammatory Response Syndrome,Sequential Organ Failure Assessment Score,Systemic Inflammatory Response Syndrome,Creatinine,Use Of Midazolam,Acute Kidney Injury,Depression
12,Oxford Acute Severity Of Illness Score,Sepsis,Systemic Inflammatory Response Syndrome,Cerebrovascular Disease,Oxford Acute Severity Of Illness Score,Simplified Acute Physiology Score II,Dementia,Dementia,White Blood Cell Count,Acute Physiology and Chronic Health Evaluation (APACHE) Score
13,Use Of Midazolam,Systemic Inflammatory Response Syndrome,Acute Kidney Injury,Logistic Organ Dysfunction Score,Stroke,Oxford Acute Severity Of Illness Score,Lactate,Creatinine,Lactate,Acute Kidney Injury
14,Age,Oxford Acute Severity Of Illness Score,Infection,Depression,Logistic Organ Dysfunction Score,Logistic Organ Dysfunction Score,Acute Kidney Injury,Respiratory Rate,Renal Replacement Therapy,Cerebrovascular Disease
15,Acute Kidney Injury,Infection,Heart Failure,Largest Amplitude Of Glycemic Excursions,Aortic Surgery,Vasopressor Use,Blood Sodium,Mean Blood Pressure,Acute Physiology and Chronic Health Evaluation (APACHE) Score,Stroke
16,Lactate,Acute Kidney Injury,Stroke,Charlson Comorbidity Index,Acute Kidney Injury,Stroke,Albumin,Heart Rate,Albumin,Infection
17,Systemic Inflammatory Response Syndrome,Type Of Initial ICU Admission,Renal Replacement Therapy,Vasopressor Use,Coronary Artery Bypass Grafting,Alcohol Abuse,Blood pH,Neutrophil To Lymphocyte Ratio,Use Of Midazolam,Renal Replacement Therapy
18,Mean Blood Glucose,Neutrophil To Lymphocyte Ratio,Alcohol Abuse,Mean Blood Glucose,Vasopressor Use,Cerebrovascular Disease,Bicarbonate,Oxygen Saturation,Diabetes,Glasgow Coma Scale
19,Renal Replacement Therapy,Charlson Comorbidity Index,Charlson Comorbidity Index,Age,Renal Replacement Therapy,Acute Kidney Injury,Respiratory Rate,Blood pH,Charlson Comorbidity Index,Heart Failure
20,Blood Urea Nitrogen,Alcohol Abuse,Logistic Organ Dysfunction Score,Mean Absolute Glucose,Geriatric Nutritional Risk Index,Arterial Partial Pressure Of Carbon Dioxide,Use Of Midazolam,Glucose,Antibiotic Drug Use,Arterial Partial Pressure Of Carbon Dioxide
21,Blood pH,Lactate,Chronic Obstructive Pulmonary Disease,Blood Sodium,Glomerular Filtration Rate,Blood pH,White Blood Cell Count,Albumin,Infection,Blood Sodium
22,Glomerular Filtration Rate,Creatinine,Renal Disease,Stroke,Renal Disease,Liver Disease,Infection,Bilirubin,Depression,Glucose
23,Urine Output,Blood Urea Nitrogen,Depression,Infection,Largest Amplitude Of Glycemic Excursions,Heart Failure,Urine Output,Infection,Urine Output,Mean Blood Glucose
24,Infection,Depression,Mean Blood Glucose,Acute Kidney Injury,Gram Negative,Mean Absolute Glucose,Renal Replacement Therapy,Acute Kidney Injury,Glucose,Simplified Acute Physiology Score II
25,Type Of Initial ICU Admission,Stroke,Acute Myocardial Infarction,Renal Replacement Therapy,Blood Sodium,Glycemic Lability Index,Oxygen Saturation,Simplified Acute Physiology Score II,Red Cell Distribution Width,Cardiovascular Disease
26,Base Excess,Bilirubin,White Blood Cell Count,Heart Valve Surgery,Cerebrovascular Disease,Heart Valve Surgery,Temperature,Arterial Partial Pressure Of Carbon Dioxide,Respiratory Rate,Blood pH
27,Glucose,Respiratory Rate,Liver Disease,Heart Rate,Heart Valve Surgery,Aortic Surgery,Heart Rate,Charlson Comorbidity Index,Heart Rate,White Blood Cell Count
28,Mean Absolute Glucose,Albumin,Cardiovascular Disease,Heart Failure,Liver Disease,Coronary Artery Bypass Grafting,Mean Blood Pressure,Temperature,Blood Urea Nitrogen,Charlson Comorbidity Index
29,Mean Amplitude Of Glycemic Excursions,Renal Replacement Therapy,Diabetes,Lactate,Type Of Initial ICU Admission,Arterial Partial Pressure Of Oxygen,Hemoglobin,Alcohol Abuse,Creatinine,Renal Disease
30,Creatinine,Mean Blood Glucose,Temperature,Glucose,Antibiotic Drug Use,Charlson Comorbidity Index,Bilirubin,Liver Disease,Systemic Inflammatory Response Syndrome,Type Of Initial ICU Admission
