feature,rank_gpt,rank_gemini,rank_claude,score_gpt,score_gemini,score_claude,seq_gpt,seq_gemini,seq_claude,lmprior_gpt,mean_rank
Sedation Use,8.0,4.0,6.0,2.0,2.0,1.0,3.0,4.0,3.0,1.0,3.4
Glasgow Coma Scale,2.0,1.0,3.0,3.0,2.0,3.0,1.0,1.0,2.0,18.0,3.6
Sequential Organ Failure Assessment Score,3.0,5.0,5.0,7.0,9.0,4.0,5.0,3.0,6.0,4.0,5.1
Dementia,1.0,2.0,7.0,1.0,2.0,2.0,6.0,12.0,12.0,6.0,5.1
Mechanical Ventilation,6.0,11.0,8.0,5.0,2.0,5.0,4.0,5.0,4.0,3.0,5.3
Age,11.0,8.0,14.0,8.0,2.0,19.0,2.0,2.0,1.0,9.0,7.6
Sepsis,9.0,12.0,10.0,6.0,1.0,5.0,7.0,9.0,8.0,10.0,7.7
Acute Physiology and Chronic Health Evaluation (APACHE) Score,4.0,3.0,4.0,10.0,25.0,8.0,14.0,6.0,5.0,12.0,9.1
Use Of Midazolam,10.0,6.0,13.0,4.0,2.0,7.0,17.0,11.0,20.0,1.0,9.1
Vasopressor Use,6.0,8.0,11.0,12.0,17.0,16.0,10.0,8.0,9.0,6.0,10.3
Acute Kidney Injury,13.0,16.0,15.0,19.0,16.0,19.0,11.0,23.0,13.0,13.0,15.8
Infection,14.0,15.0,24.0,8.0,2.0,19.0,21.0,23.0,22.0,16.0,16.4
Charlson Comorbidity Index,19.0,19.0,9.0,24.0,38.0,16.0,19.0,27.0,7.0,28.0,20.6
Simplified Acute Physiology Score II,5.0,10.0,2.0,12.0,25.0,10.0,65.0,25.0,35.0,24.0,21.3
Systemic Inflammatory Response Syndrome,12.0,13.0,17.0,10.0,9.0,11.0,30.0,50.0,58.0,6.0,21.6
Renal Replacement Therapy,17.0,29.0,19.0,24.0,17.0,25.0,14.0,31.0,24.0,17.0,21.7
Alcohol Abuse,18.0,19.0,67.0,17.0,9.0,26.0,8.0,29.0,60.0,5.0,25.8
Blood Urea Nitrogen,41.0,23.0,20.0,44.0,25.0,35.0,28.0,10.0,10.0,46.0,28.2
Stroke,16.0,25.0,51.0,16.0,12.0,19.0,39.0,45.0,51.0,15.0,28.9
Logistic Organ Dysfunction Score,20.0,6.0,1.0,12.0,12.0,11.0,67.0,57.0,71.0,32.0,28.9
Blood pH,37.0,36.0,21.0,21.0,37.0,39.0,44.0,19.0,17.0,26.0,29.7
Depression,23.0,24.0,48.0,36.0,38.0,11.0,22.0,45.0,43.0,11.0,30.1
Glucose,38.0,36.0,27.0,43.0,38.0,26.0,24.0,20.0,33.0,22.0,30.7
Blood Sodium,31.0,56.0,42.0,24.0,25.0,19.0,43.0,34.0,15.0,21.0,31.0
Lactate,49.0,21.0,16.0,52.0,38.0,26.0,13.0,7.0,13.0,82.0,31.7
Arterial Partial Pressure Of Carbon Dioxide,43.0,47.0,36.0,20.0,38.0,39.0,35.0,26.0,31.0,20.0,33.5
Neutrophil To Lymphocyte Ratio,34.0,18.0,38.0,38.0,25.0,39.0,38.0,17.0,41.0,49.0,33.7
Heart Failure,15.0,35.0,52.0,23.0,36.0,26.0,37.0,41.0,57.0,19.0,34.1
Creatinine,54.0,22.0,30.0,56.0,38.0,51.0,29.0,13.0,11.0,45.0,34.9
Mean Blood Glucose,24.0,30.0,18.0,24.0,38.0,16.0,64.0,61.0,54.0,23.0,35.2
Oxygen Saturation,47.0,38.0,39.0,39.0,25.0,39.0,53.0,18.0,25.0,34.0,35.7
Respiratory Rate,57.0,27.0,32.0,44.0,68.0,35.0,26.0,14.0,19.0,40.0,36.2
White Blood Cell Count,26.0,32.0,61.0,44.0,38.0,52.0,12.0,49.0,21.0,27.0,36.2
Arterial Partial Pressure Of Oxygen,32.0,38.0,52.0,24.0,38.0,35.0,34.0,33.0,36.0,46.0,36.8
Cerebrovascular Disease,49.0,31.0,34.0,18.0,25.0,11.0,51.0,73.0,65.0,14.0,37.1
Type Of Initial ICU Admission,36.0,17.0,25.0,44.0,25.0,39.0,74.0,43.0,40.0,29.0,37.2
Liver Disease,27.0,58.0,47.0,22.0,25.0,63.0,9.0,30.0,59.0,35.0,37.5
Oxford Acute Severity Of Illness Score,42.0,14.0,12.0,12.0,12.0,8.0,71.0,61.0,86.0,57.0,37.5
Mean Blood Pressure,66.0,34.0,33.0,37.0,71.0,34.0,30.0,15.0,28.0,33.0,38.1
Albumin,80.0,28.0,40.0,56.0,38.0,54.0,16.0,21.0,16.0,35.0,38.4
Urine Output,33.0,67.0,23.0,61.0,38.0,39.0,23.0,32.0,23.0,66.0,40.5
Antibiotic Drug Use,34.0,42.0,55.0,24.0,25.0,63.0,20.0,60.0,63.0,31.0,41.7
Temperature,30.0,50.0,45.0,56.0,38.0,62.0,32.0,28.0,26.0,55.0,42.2
Renal Disease,21.0,42.0,50.0,24.0,20.0,26.0,56.0,79.0,80.0,29.0,42.7
Glomerular Filtration Rate,63.0,38.0,22.0,44.0,20.0,39.0,46.0,67.0,72.0,48.0,45.9
Bilirubin,74.0,25.0,44.0,56.0,38.0,80.0,39.0,22.0,30.0,62.0,47.0
Chronic Obstructive Pulmonary Disease,21.0,61.0,71.0,50.0,38.0,54.0,51.0,45.0,41.0,38.0,47.0
Heart Rate,86.0,46.0,64.0,53.0,81.0,26.0,26.0,16.0,27.0,52.0,47.7
Glycemic Lability Index,51.0,53.0,37.0,24.0,38.0,39.0,57.0,53.0,94.0,54.0,50.0
Anion Gap,76.0,48.0,40.0,65.0,38.0,52.0,48.0,38.0,34.0,63.0,50.2
Acute Myocardial Infarction,25.0,89.0,60.0,40.0,38.0,54.0,50.0,88.0,49.0,50.0,54.3
Cardiovascular Disease,28.0,72.0,52.0,40.0,38.0,54.0,69.0,82.0,87.0,25.0,54.7
Bicarbonate,77.0,50.0,35.0,69.0,76.0,54.0,54.0,37.0,18.0,80.0,55.0
Base Excess,46.0,56.0,26.0,68.0,72.0,39.0,60.0,55.0,62.0,67.0,55.1
Magnesium,88.0,44.0,72.0,62.0,75.0,63.0,41.0,35.0,46.0,42.0,56.8
Systolic Blood Pressure,58.0,50.0,46.0,56.0,81.0,63.0,45.0,72.0,55.0,56.0,58.2
Calcium,69.0,71.0,59.0,67.0,38.0,63.0,68.0,52.0,48.0,51.0,58.6
Mean Absolute Glucose,82.0,55.0,28.0,24.0,38.0,19.0,96.0,83.0,103.0,60.0,58.8
Geriatric Nutritional Risk Index,64.0,45.0,48.0,54.0,20.0,39.0,84.0,78.0,68.0,89.0,58.9
Mean Amplitude Of Glycemic Excursions,91.0,75.0,29.0,50.0,38.0,35.0,82.0,71.0,69.0,61.0,60.1
Red Cell Distribution Width,92.0,92.0,87.0,77.0,38.0,54.0,25.0,36.0,32.0,72.0,60.5
Largest Amplitude Of Glycemic Excursions,74.0,66.0,31.0,42.0,23.0,11.0,104.0,96.0,104.0,58.0,60.9
Hemoglobin,40.0,63.0,66.0,80.0,81.0,63.0,58.0,65.0,29.0,69.0,61.4
Diabetes,29.0,65.0,74.0,71.0,79.0,82.0,18.0,64.0,44.0,92.0,61.8
Anemia,48.0,69.0,88.0,66.0,38.0,54.0,36.0,91.0,66.0,69.0,62.5
Coronary Artery Bypass Grafting,67.0,77.0,95.0,24.0,17.0,39.0,94.0,83.0,94.0,37.0,62.7
Aortic Surgery,43.0,82.0,81.0,24.0,15.0,26.0,98.0,99.0,107.0,53.0,62.8
Hypertension,39.0,59.0,91.0,71.0,81.0,96.0,47.0,40.0,47.0,59.0,63.0
Lymphocyte Count,51.0,41.0,62.0,80.0,38.0,63.0,62.0,81.0,55.0,103.0,63.6
Neutrophil Count,59.0,70.0,84.0,44.0,38.0,63.0,72.0,95.0,74.0,41.0,64.0
Heart Valve Surgery,55.0,60.0,86.0,24.0,25.0,26.0,102.0,92.0,105.0,74.0,64.9
Prognostic Nutritional Index,79.0,32.0,58.0,63.0,38.0,50.0,79.0,67.0,81.0,103.0,65.0
Platelet Count,61.0,48.0,79.0,95.0,72.0,76.0,42.0,39.0,52.0,86.0,65.0
Cancer,45.0,53.0,80.0,74.0,38.0,82.0,49.0,74.0,70.0,87.0,65.2
International Normalized Ratio,94.0,64.0,57.0,80.0,72.0,63.0,59.0,44.0,45.0,75.0,65.3
Potassium,65.0,73.0,56.0,80.0,81.0,75.0,65.0,56.0,61.0,71.0,68.3
Gram Negative,53.0,95.0,68.0,55.0,24.0,63.0,87.0,102.0,91.0,64.0,70.2
Diastolic Blood Pressure,83.0,80.0,69.0,77.0,92.0,76.0,63.0,66.0,39.0,88.0,73.3
Phosphate,60.0,83.0,78.0,80.0,78.0,80.0,76.0,59.0,64.0,85.0,74.3
Aspartate Aminotransferase,95.0,67.0,76.0,93.0,81.0,82.0,93.0,42.0,76.0,43.0,74.8
Nicotine Dependence,93.0,73.0,100.0,64.0,68.0,91.0,61.0,77.0,89.0,44.0,76.0
Prothrombin Time,73.0,61.0,70.0,69.0,76.0,91.0,70.0,85.0,72.0,98.0,76.5
Type Of Microorganism,80.0,93.0,77.0,80.0,38.0,61.0,78.0,89.0,102.0,76.0,77.4
Body Mass Index,95.0,99.0,98.0,95.0,95.0,82.0,55.0,53.0,37.0,68.0,77.7
Chloride,89.0,90.0,62.0,91.0,90.0,82.0,88.0,48.0,38.0,105.0,78.3
Platelet To Lymphocyte Ratio,70.0,79.0,83.0,80.0,38.0,63.0,83.0,93.0,97.0,98.0,78.4
Hematocrit,62.0,90.0,75.0,88.0,81.0,82.0,77.0,75.0,52.0,102.0,78.4
Elective Surgery,90.0,86.0,65.0,77.0,81.0,96.0,80.0,80.0,74.0,73.0,80.2
Partial Thromboplastin Time,85.0,76.0,73.0,88.0,96.0,91.0,73.0,58.0,78.0,97.0,81.5
Sex,103.0,101.0,103.0,92.0,96.0,96.0,33.0,63.0,49.0,83.0,81.9
Peripheral Vascular Disease,71.0,87.0,97.0,74.0,92.0,91.0,75.0,76.0,83.0,80.0,82.6
Total Carbon Dioxide,72.0,78.0,43.0,80.0,91.0,76.0,100.0,87.0,101.0,101.0,82.9
Lymphocyte To Monocyte Ratio,78.0,88.0,84.0,88.0,70.0,74.0,89.0,106.0,77.0,92.0,84.6
Alanine Aminotransferase,101.0,81.0,81.0,101.0,92.0,95.0,97.0,50.0,67.0,84.0,84.9
Gram Positive,97.0,94.0,102.0,71.0,38.0,82.0,90.0,103.0,100.0,76.0,85.3
Alkaline Phosphatase,84.0,85.0,89.0,99.0,96.0,90.0,99.0,69.0,79.0,65.0,85.5
Statin Drugs,56.0,97.0,96.0,94.0,96.0,96.0,80.0,85.0,85.0,78.0,86.3
Monocyte Count,97.0,84.0,92.0,74.0,79.0,82.0,86.0,90.0,84.0,107.0,87.5
Red Blood Cell Count,67.0,96.0,90.0,95.0,81.0,76.0,95.0,105.0,96.0,91.0,89.2
Mean Corpuscular Volume,102.0,98.0,94.0,103.0,96.0,96.0,91.0,97.0,82.0,96.0,95.5
Ethnicity,104.0,105.0,104.0,100.0,105.0,104.0,85.0,70.0,90.0,92.0,95.9
Body Weight,87.0,103.0,93.0,98.0,101.0,96.0,92.0,100.0,99.0,100.0,96.9
Insurance,106.0,106.0,106.0,106.0,105.0,104.0,107.0,93.0,106.0,39.0,97.8
Mean Corpuscular Hemoglobin Concentration,100.0,100.0,99.0,103.0,102.0,96.0,100.0,101.0,93.0,95.0,98.9
Marital Status,105.0,104.0,105.0,103.0,102.0,104.0,105.0,98.0,92.0,78.0,99.6
Mean Corpuscular Hemoglobin,99.0,102.0,100.0,101.0,104.0,96.0,103.0,104.0,88.0,106.0,100.3
Height,107.0,107.0,107.0,106.0,107.0,104.0,106.0,107.0,98.0,90.0,103.9
