feature,avg_rank,std_rank
Use Of Midazolam,1.6,0.8944271909999159
Sedation Use,1.6,0.5477225575051661
Mechanical Ventilation,3.4,1.140175425099138
Sequential Organ Failure Assessment Score,5.4,1.3416407864998738
Alcohol Abuse,6.4,2.073644135332772
Dementia,7.0,4.527692569068709
Vasopressor Use,7.0,1.5811388300841898
Systemic Inflammatory Response Syndrome,7.0,4.06201920231798
Age,9.6,2.1908902300206643
Sepsis,10.2,1.4832396974191326
Depression,12.0,2.8284271247461903
Acute Physiology and Chronic Health Evaluation (APACHE) Score,12.8,2.588435821108957
Acute Kidney Injury,13.2,1.6431676725154982
Cerebrovascular Disease,13.6,4.277849927241488
Stroke,14.6,1.816590212458495
Infection,14.8,1.6431676725154984
Renal Replacement Therapy,17.8,1.0954451150103321
Glasgow Coma Scale,18.2,0.4472135954999579
Heart Failure,20.4,0.8944271909999159
Arterial Partial Pressure Of Carbon Dioxide,21.4,1.6733200530681511
Blood Sodium,21.6,2.302172886644268
Glucose,24.6,4.159326868617084
Mean Blood Glucose,26.0,3.9370039370059056
Simplified Acute Physiology Score II,27.0,5.244044240850758
Cardiovascular Disease,27.4,3.1304951684997055
Blood pH,28.0,3.391164991562634
White Blood Cell Count,28.6,4.878524367060187
Charlson Comorbidity Index,28.8,6.1400325732035
Renal Disease,29.4,4.03732584763727
Type Of Initial ICU Admission,29.4,4.277849927241488
Antibiotic Drug Use,30.2,1.0954451150103321
Logistic Organ Dysfunction Score,34.6,1.140175425099138
Mean Blood Pressure,35.0,2.0
Oxygen Saturation,36.2,5.761944116355173
Liver Disease,36.6,5.029910535983716
Albumin,36.6,1.1401754250991378
Coronary Artery Bypass Grafting,37.6,2.966479394838265
Chronic Obstructive Pulmonary Disease,38.6,1.1401754250991378
Insurance,40.8,31.41973901864877
Respiratory Rate,41.0,0.7071067811865476
Neutrophil Count,41.2,27.66224864323217
Magnesium,41.6,2.6076809620810595
Aspartate Aminotransferase,42.6,0.8944271909999159
Nicotine Dependence,44.4,20.452383724153037
Creatinine,44.6,1.51657508881031
Blood Urea Nitrogen,44.8,2.16794833886788
Arterial Partial Pressure Of Oxygen,44.8,1.0954451150103321
Glomerular Filtration Rate,48.2,1.9235384061671343
Neutrophil To Lymphocyte Ratio,49.0,0.7071067811865476
Acute Myocardial Infarction,50.2,2.7748873851023212
Calcium,51.0,2.6457513110645907
Heart Rate,51.2,1.3038404810405297
Aortic Surgery,51.6,2.60768096208106
Glycemic Lability Index,52.2,5.215361924162119
Temperature,54.4,1.51657508881031
Systolic Blood Pressure,56.4,1.1401754250991378
Oxford Acute Severity Of Illness Score,56.8,2.2803508501982757
Largest Amplitude Of Glycemic Excursions,60.8,1.6431676725154982
Hypertension,61.0,1.4142135623730951
Mean Absolute Glucose,61.2,1.9235384061671343
Mean Amplitude Of Glycemic Excursions,61.6,3.8470768123342687
Bilirubin,63.4,4.774934554525329
Anion Gap,64.8,7.19027120489902
Gram Negative,65.0,2.1213203435596424
Alkaline Phosphatase,66.2,1.7888543819998317
Urine Output,66.8,4.147288270665544
Base Excess,67.4,1.51657508881031
Body Mass Index,69.0,32.57299494980466
Hemoglobin,69.2,3.0331501776206204
Anemia,69.2,6.457553716385176
Potassium,69.4,1.140175425099138
Red Cell Distribution Width,73.0,2.5495097567963922
Elective Surgery,73.6,1.9493588689617927
Heart Valve Surgery,75.8,2.16794833886788
International Normalized Ratio,77.4,4.505552130427524
Type Of Microorganism,78.0,6.2048368229954285
Gram Positive,78.0,2.0
Statin Drugs,79.8,2.16794833886788
Marital Status,79.8,26.799253720952755
Bicarbonate,81.6,5.549774770204643
Peripheral Vascular Disease,81.6,3.9115214431215892
Lactate,82.0,4.242640687119285
Sex,82.4,1.51657508881031
Alanine Aminotransferase,83.4,3.2863353450309964
Phosphate,84.0,18.3166590840142
Platelet Count,85.4,30.761989532538365
Cancer,87.2,6.457553716385176
Diastolic Blood Pressure,87.4,2.701851217221259
Geriatric Nutritional Risk Index,87.6,6.8044103344816
Height,88.2,1.9235384061671346
Red Blood Cell Count,89.2,8.408329203831164
Lymphocyte To Monocyte Ratio,91.4,3.361547262794322
Ethnicity,91.4,1.51657508881031
Diabetes,91.4,3.361547262794322
Mean Corpuscular Hemoglobin Concentration,92.2,20.70507184242547
Mean Corpuscular Volume,92.8,17.455658108475888
Partial Thromboplastin Time,93.2,8.899438184514795
Platelet To Lymphocyte Ratio,94.8,7.5960516059331775
Prothrombin Time,94.8,1.9235384061671343
Body Weight,97.4,1.51657508881031
Total Carbon Dioxide,97.6,6.985699678629192
Hematocrit,98.4,2.1908902300206643
Prognostic Nutritional Index,98.8,3.7682887362833544
Lymphocyte Count,98.8,4.024922359499621
Chloride,101.4,2.3021728866442674
Mean Corpuscular Hemoglobin,105.2,1.4832396974191324
Monocyte Count,106.6,0.5477225575051661
