feature,avg_score,std_score,n_seed
Sepsis,0.985,0.0,5
Dementia,0.95,0.0,5
Age,0.95,0.0,5
Mechanical Ventilation,0.95,0.0,5
Sedation Use,0.95,0.0,5
Infection,0.95,0.0,5
Use Of Midazolam,0.95,0.0,5
Glasgow Coma Scale,0.95,0.0,5
Alcohol Abuse,0.925,0.0,5
Systemic Inflammatory Response Syndrome,0.925,0.0,5
Sequential Organ Failure Assessment Score,0.925,0.0,5
Logistic Organ Dysfunction Score,0.8949999999999999,0.0,5
Oxford Acute Severity Of Illness Score,0.8949999999999999,0.0,5
Stroke,0.8949999999999999,0.0,5
Aortic Surgery,0.8859999999999999,0.02012461179749812,5
Acute Kidney Injury,0.8619999999999999,0.01857417562100671,5
Renal Replacement Therapy,0.859,0.02012461179749811,5
Vasopressor Use,0.859,0.020124611797498127,5
Coronary Artery Bypass Grafting,0.859,0.02012461179749814,5
Glomerular Filtration Rate,0.8550000000000001,0.0,5
Geriatric Nutritional Risk Index,0.8550000000000001,0.0,5
Renal Disease,0.8550000000000001,0.0,5
Largest Amplitude Of Glycemic Excursions,0.8539999999999999,0.0022360679774997916,5
Gram Negative,0.852,0.002738612787525832,5
Blood Urea Nitrogen,0.85,0.0,5
Type Of Initial ICU Admission,0.85,0.0,5
Simplified Acute Physiology Score II,0.85,0.0,5
Liver Disease,0.85,0.0,5
Blood Sodium,0.85,0.0,5
Cerebrovascular Disease,0.85,0.0,5
Heart Valve Surgery,0.85,0.0,5
Oxygen Saturation,0.85,0.0,5
Neutrophil To Lymphocyte Ratio,0.85,0.0,5
Antibiotic Drug Use,0.85,0.0,5
Acute Physiology and Chronic Health Evaluation (APACHE) Score,0.85,0.0,5
Heart Failure,0.8379999999999999,0.029706901555025884,5
Blood pH,0.8109999999999999,0.03560196623783577,5
Glycemic Lability Index,0.785,0.0,5
Glucose,0.785,0.0,5
Albumin,0.785,0.0,5
Acute Myocardial Infarction,0.785,0.0,5
Anemia,0.785,0.0,5
Anion Gap,0.785,0.0,5
Urine Output,0.785,0.0,5
Type Of Microorganism,0.785,0.0,5
White Blood Cell Count,0.785,0.0,5
Temperature,0.785,0.0,5
Cardiovascular Disease,0.785,0.0,5
Calcium,0.785,0.0,5
Prognostic Nutritional Index,0.785,0.0,5
Platelet To Lymphocyte Ratio,0.785,0.0,5
Red Cell Distribution Width,0.785,0.0,5
Mean Absolute Glucose,0.785,0.0,5
Lactate,0.785,0.0,5
Mean Amplitude Of Glycemic Excursions,0.785,0.0,5
Charlson Comorbidity Index,0.785,0.0,5
Creatinine,0.785,0.0,5
Depression,0.785,0.0,5
Chronic Obstructive Pulmonary Disease,0.785,0.0,5
Arterial Partial Pressure Of Carbon Dioxide,0.785,0.0,5
Arterial Partial Pressure Of Oxygen,0.785,0.0,5
Bilirubin,0.785,0.0,5
Cancer,0.785,0.0,5
Mean Blood Glucose,0.785,0.0,5
Lymphocyte Count,0.785,0.0,5
Neutrophil Count,0.785,0.0,5
Gram Positive,0.785,0.0,5
Respiratory Rate,0.745,0.0547722557505166,5
Nicotine Dependence,0.745,0.05477225575051658,5
Lymphocyte To Monocyte Ratio,0.725,0.054772255750516585,5
Mean Blood Pressure,0.704,0.07394254526319743,5
International Normalized Ratio,0.685,0.0,5
Platelet Count,0.685,0.0,5
Base Excess,0.685,0.0,5
Magnesium,0.684,0.00223606797749978,5
Bicarbonate,0.678,0.015652475842498542,5
Prothrombin Time,0.678,0.015652475842498542,5
Phosphate,0.671,0.019170289512680853,5
Diabetes,0.664,0.01917028951268082,5
Monocyte Count,0.664,0.01917028951268085,5
Systolic Blood Pressure,0.65,0.0,5
Hematocrit,0.65,0.0,5
Aspartate Aminotransferase,0.65,0.0,5
Elective Surgery,0.65,0.0,5
Potassium,0.65,0.0,5
Red Blood Cell Count,0.65,0.0,5
Hemoglobin,0.65,0.0,5
Hypertension,0.65,0.0,5
Heart Rate,0.65,0.0,5
Chloride,0.5700000000000001,0.10954451150103321,5
Total Carbon Dioxide,0.53,0.10954451150103324,5
Alanine Aminotransferase,0.45,0.0,5
Diastolic Blood Pressure,0.45,0.0,5
Peripheral Vascular Disease,0.45,0.0,5
Body Mass Index,0.37,0.044721359549995815,5
Statin Drugs,0.35,0.0,5
Partial Thromboplastin Time,0.35,0.0,5
Alkaline Phosphatase,0.35,0.0,5
Mean Corpuscular Volume,0.35,0.0,5
Sex,0.35,0.0,5
Body Weight,0.262,0.05215361924162119,5
Mean Corpuscular Hemoglobin Concentration,0.21000000000000002,0.0,5
Marital Status,0.21000000000000002,0.0,5
Mean Corpuscular Hemoglobin,0.198,0.02683281572999747,5
Ethnicity,0.15,0.0,5
Insurance,0.15,0.0,5
Height,0.05,0.0,5
