variable,level,n,pct,n_delirium
ethnicity,WHITE,21069,64.68,1576
ethnicity,UNKNOWN,2621,8.05,402
ethnicity,BLACK/AFRICAN AMERICAN,2542,7.8,198
ethnicity,OTHER,1129,3.47,113
ethnicity,UNABLE TO OBTAIN,782,2.4,83
ethnicity,WHITE - OTHER EUROPEAN,740,2.27,86
ethnicity,ASIAN,420,1.29,24
ethnicity,ASIAN - CHINESE,380,1.17,32
ethnicity,HISPANIC/LATINO - PUERTO RICAN,340,1.04,30
ethnicity,HISPANIC OR LATINO,308,0.95,2
ethnicity,WHITE - RUSSIAN,272,0.84,25
ethnicity,HISPANIC/LATINO - DOMINICAN,249,0.76,27
ethnicity,PATIENT DECLINED TO ANSWER,222,0.68,12
ethnicity,BLACK/CAPE VERDEAN,205,0.63,12
ethnicity,BLACK/CARIBBEAN ISLAND,183,0.56,18
ethnicity,BLACK/AFRICAN,139,0.43,15
ethnicity,ASIAN - SOUTH EAST ASIAN,118,0.36,9
ethnicity,PORTUGUESE,109,0.33,6
ethnicity,ASIAN - ASIAN INDIAN,95,0.29,7
ethnicity,WHITE - EASTERN EUROPEAN,89,0.27,4
ethnicity,HISPANIC/LATINO - GUATEMALAN,78,0.24,6
ethnicity,WHITE - BRAZILIAN,76,0.23,4
ethnicity,HISPANIC/LATINO - SALVADORAN,66,0.2,2
ethnicity,AMERICAN INDIAN/ALASKA NATIVE,61,0.19,9
ethnicity,HISPANIC/LATINO - COLUMBIAN,37,0.11,4
ethnicity,NATIVE HAWAIIAN OR OTHER PACIFIC ISLANDER,37,0.11,3
ethnicity,HISPANIC/LATINO - MEXICAN,36,0.11,3
ethnicity,MULTIPLE RACE/ETHNICITY,35,0.11,1
ethnicity,SOUTH AMERICAN,32,0.1,3
ethnicity,ASIAN - KOREAN,29,0.09,2
ethnicity,HISPANIC/LATINO - HONDURAN,29,0.09,4
ethnicity,HISPANIC/LATINO - CUBAN,25,0.08,4
ethnicity,HISPANIC/LATINO - CENTRAL AMERICAN,21,0.06,2
type_of_initial_icu_admission,Medical Intensive Care Unit (MICU),5761,17.69,573
type_of_initial_icu_admission,Medical/Surgical Intensive Care Unit (MICU/SICU),5588,17.15,403
type_of_initial_icu_admission,Surgical Intensive Care Unit (SICU),4916,15.09,402
type_of_initial_icu_admission,Coronary Care Unit (CCU),4498,13.81,254
type_of_initial_icu_admission,Trauma SICU (TSICU),3984,12.23,387
type_of_initial_icu_admission,Cardiac Vascular Intensive Care Unit (CVICU),3774,11.59,189
type_of_initial_icu_admission,Neuro Intermediate,2912,8.94,312
type_of_initial_icu_admission,Neuro Stepdown,606,1.86,76
type_of_initial_icu_admission,Neuro Surgical Intensive Care Unit (Neuro SICU),467,1.43,110
type_of_initial_icu_admission,PACU,28,0.09,6
type_of_initial_icu_admission,Surgery/Vascular/Intermediate,27,0.08,12
type_of_initial_icu_admission,Intensive Care Unit (ICU),10,0.03,3
type_of_initial_icu_admission,Surgery/Trauma,2,0.01,1
type_of_initial_icu_admission,Medicine,1,0.0,0
