Variable,Overall,No delirium,Delirium,p,SMD,Missing %,Test
Demographics,,,,,,,
"Age, years","66.0 (54.0, 78.0)","66.0 (54.0, 77.0)","71.0 (60.0, 81.0)",<0.001,+0.285,0.0,Mann-Whitney U
Male sex,,,,0.897,,0.0,chi2
    F,"14,965 (45.9)","13,708 (45.9)","1,257 (46.1)",,+0.003,,
    M,"17,609 (54.1)","16,138 (54.1)","1,471 (53.9)",,-0.003,,
"Height, cm","168.6 (160.4, 176.3)","168.8 (160.5, 176.4)","167.8 (160.0, 175.8)",0.120,-0.054,73.0,Mann-Whitney U
"Weight, kg","80.7 (67.6, 96.1)","80.9 (67.7, 96.3)","79.2 (65.2, 94.1)",0.011,-0.051,66.7,Mann-Whitney U
"Body mass index, kg/m2","28.5 (24.7, 33.2)","28.6 (24.7, 33.2)","28.1 (24.1, 33.0)",0.095,-0.022,73.0,Mann-Whitney U
Race or ethnicity,,,,<0.001,,0.0,chi2
    Asian,"1,042 (3.2)",968 (3.2),74 (2.7),,-0.031,,
    Black,"3,069 (9.4)","2,826 (9.5)",243 (8.9),,-0.019,,
    Hispanic,"1,189 (3.7)","1,105 (3.7)",84 (3.1),,-0.034,,
    Other,"1,403 (4.3)","1,268 (4.2)",135 (4.9),,+0.033,,
    Unknown,"3,625 (11.1)","3,128 (10.5)",497 (18.2),,+0.221,,
    White,"22,246 (68.3)","20,551 (68.9)","1,695 (62.1)",,-0.141,,
Insurance,,,,<0.001,,1.6,chi2 (expected < 5)
    Medicaid,"4,368 (13.4)","3,982 (13.3)",386 (14.1),,+0.023,,
    Medicare,"17,208 (52.8)","15,480 (51.9)","1,728 (63.3)",,+0.232,,
    No charge,6 (0.0),5 (0.0),1 (0.0),,+0.012,,
    Other,889 (2.7),842 (2.8),47 (1.7),,-0.074,,
    Private,"9,571 (29.4)","9,035 (30.3)",536 (19.6),,-0.245,,
    Unknown,532 (1.6),502 (1.7),30 (1.1),,-0.050,,
First ICU care unit,,,,<0.001,,0.0,chi2
    CCU,"4,498 (13.8)","4,244 (14.2)",254 (9.3),,-0.152,,
    CVICU,"3,774 (11.6)","3,585 (12.0)",189 (6.9),,-0.174,,
    MICU,"5,761 (17.7)","5,188 (17.4)",573 (21.0),,+0.092,,
    MICU/SICU,"5,588 (17.2)","5,185 (17.4)",403 (14.8),,-0.071,,
    Neuro SICU,467 (1.4),357 (1.2),110 (4.0),,+0.178,,
    Neuro intermediate,"2,912 (8.9)","2,600 (8.7)",312 (11.4),,+0.091,,
    Neuro stepdown,606 (1.9),530 (1.8),76 (2.8),,+0.068,,
    Other,68 (0.2),46 (0.2),22 (0.8),,+0.094,,
    SICU,"4,916 (15.1)","4,514 (15.1)",402 (14.7),,-0.011,,
    TSICU,"3,984 (12.2)","3,597 (12.1)",387 (14.2),,+0.063,,
Severity on admission,,,,,,,
SOFA,"3.0 (1.0, 5.0)","3.0 (1.0, 5.0)","4.0 (2.0, 7.0)",<0.001,+0.493,0.0,Mann-Whitney U
APS III,"37.0 (28.0, 49.0)","36.0 (27.0, 47.0)","46.0 (35.0, 59.0)",<0.001,+0.528,0.0,Mann-Whitney U
SAPS II,"31.0 (24.0, 40.0)","31.0 (23.0, 39.0)","37.0 (30.0, 46.0)",<0.001,+0.505,0.0,Mann-Whitney U
OASIS,"28.0 (23.0, 34.0)","28.0 (23.0, 33.0)","32.0 (28.0, 37.0)",<0.001,+0.583,0.0,Mann-Whitney U
LODS,"3.0 (2.0, 5.0)","3.0 (1.0, 5.0)","5.0 (3.0, 7.0)",<0.001,+0.608,0.0,Mann-Whitney U
"GCS, minimum","15.0 (14.0, 15.0)","15.0 (14.0, 15.0)","14.0 (13.0, 15.0)",<0.001,-0.214,0.3,Mann-Whitney U
Charlson Comorbidity Index,"5.0 (2.0, 7.0)","4.0 (2.0, 7.0)","6.0 (4.0, 8.0)",<0.001,+0.360,0.0,Mann-Whitney U
"Vital signs, first 24 h",,,,,,,
"Heart rate, maximum, bpm","100.0 (88.0, 115.0)","100.0 (88.0, 114.0)","104.0 (92.0, 121.0)",<0.001,+0.222,0.2,Mann-Whitney U
"Systolic BP, minimum, mmHg","93.0 (84.0, 105.0)","93.0 (84.0, 105.0)","91.0 (81.0, 104.0)",<0.001,-0.139,0.2,Mann-Whitney U
"Mean BP, minimum, mmHg","61.0 (54.0, 69.0)","61.0 (54.0, 69.8)","60.0 (52.0, 68.0)",<0.001,-0.113,0.2,Mann-Whitney U
"Respiratory rate, maximum, /min","27.0 (23.0, 31.0)","27.0 (23.0, 31.0)","28.0 (25.0, 33.0)",<0.001,+0.247,0.4,Mann-Whitney U
"Temperature, maximum, C","37.2 (36.9, 37.6)","37.2 (36.9, 37.6)","37.2 (37.0, 37.7)",<0.001,+0.167,1.4,Mann-Whitney U
"SpO2, minimum, %","92.0 (90.0, 94.0)","92.0 (90.0, 94.0)","92.0 (89.0, 94.0)",<0.001,-0.183,0.2,Mann-Whitney U
"Laboratory tests, first 24 h",,,,,,,
"White blood cells, maximum, K/uL","11.7 (8.5, 15.9)","11.6 (8.4, 15.8)","12.4 (9.1, 17.0)",<0.001,+0.112,0.8,Mann-Whitney U
"Haemoglobin, minimum, g/dL","10.6 (8.9, 12.2)","10.6 (8.9, 12.2)","10.3 (8.4, 12.0)",<0.001,-0.147,0.8,Mann-Whitney U
"Platelets, minimum, K/uL","189.0 (139.0, 249.0)","190.0 (140.0, 249.0)","178.0 (125.0, 238.2)",<0.001,-0.134,0.8,Mann-Whitney U
"Creatinine, maximum, mg/dL","1.0 (0.8, 1.4)","1.0 (0.8, 1.4)","1.1 (0.8, 1.8)",<0.001,+0.141,0.7,Mann-Whitney U
"Blood urea nitrogen, maximum, mg/dL","19.0 (13.0, 30.0)","19.0 (13.0, 30.0)","23.0 (16.0, 39.0)",<0.001,+0.251,0.7,Mann-Whitney U
"Sodium, minimum, mEq/L","137.0 (135.0, 140.0)","137.0 (135.0, 140.0)","137.0 (134.0, 140.0)",0.002,-0.039,0.8,Mann-Whitney U
"Glucose, maximum, mg/dL","138.0 (114.0, 176.0)","137.0 (113.0, 175.0)","145.0 (120.0, 190.0)",<0.001,+0.077,1.0,Mann-Whitney U
"Albumin, minimum, g/dL","3.3 (2.8, 3.8)","3.4 (2.8, 3.8)","3.3 (2.7, 3.8)",<0.001,-0.143,61.0,Mann-Whitney U
"Lactate, maximum, mmol/L","1.9 (1.3, 2.9)","1.9 (1.3, 2.9)","1.8 (1.3, 3.0)",0.746,+0.094,69.5,Mann-Whitney U
"Anion gap, maximum, mEq/L","15.0 (13.0, 18.0)","15.0 (13.0, 17.0)","16.0 (14.0, 19.0)",<0.001,+0.260,0.9,Mann-Whitney U
"pH, minimum","7.3 (7.3, 7.4)","7.3 (7.3, 7.4)","7.3 (7.3, 7.4)",0.586,-0.048,62.6,Mann-Whitney U
"eGFR, mL/min/1.73m2","76.1 (47.4, 97.7)","77.0 (48.3, 98.2)","64.2 (35.9, 90.8)",<0.001,-0.278,0.7,Mann-Whitney U
Comorbidities,,,,,,,
Hypertension,"20,082 (61.7)","18,171 (60.9)","1,911 (70.1)",<0.001,+0.193,0.0,chi2
Diabetes,"8,938 (27.4)","8,118 (27.2)",820 (30.1),0.001,+0.063,0.0,chi2
Heart failure,"8,115 (24.9)","7,267 (24.3)",848 (31.1),<0.001,+0.151,0.0,chi2
Cardiovascular disease,"13,823 (42.4)","12,550 (42.0)","1,273 (46.7)",<0.001,+0.093,0.0,chi2
COPD,"7,700 (23.6)","6,950 (23.3)",750 (27.5),<0.001,+0.097,0.0,chi2
Renal disease,"5,903 (18.1)","5,282 (17.7)",621 (22.8),<0.001,+0.126,0.0,chi2
Liver disease,"3,123 (9.6)","2,755 (9.2)",368 (13.5),<0.001,+0.134,0.0,chi2
Cancer,"4,841 (14.9)","4,439 (14.9)",402 (14.7),0.869,-0.004,0.0,chi2
Cerebrovascular disease,"5,735 (17.6)","5,035 (16.9)",700 (25.7),<0.001,+0.215,0.0,chi2
Dementia,700 (2.1),498 (1.7),202 (7.4),<0.001,+0.276,0.0,chi2
Depression,"5,003 (15.4)","4,489 (15.0)",514 (18.8),<0.001,+0.101,0.0,chi2
Alcohol abuse,"1,715 (5.3)","1,445 (4.8)",270 (9.9),<0.001,+0.194,0.0,chi2
Anaemia,"12,994 (39.9)","11,553 (38.7)","1,441 (52.8)",<0.001,+0.283,0.0,chi2
Nicotine dependence,"10,801 (33.2)","9,712 (32.5)","1,089 (39.9)",<0.001,+0.154,0.0,chi2
"Acute conditions and treatments, first 24 h",,,,,,,
Sepsis,"10,223 (31.4)","9,113 (30.5)","1,110 (40.7)",<0.001,+0.212,0.0,chi2
Infection,"13,267 (40.7)","11,997 (40.2)","1,270 (46.6)",<0.001,+0.128,0.0,chi2
"Acute kidney injury, KDIGO stage","0.0 (0.0, 2.0)","0.0 (0.0, 1.0)","1.0 (0.0, 2.0)",<0.001,+0.311,0.0,Mann-Whitney U
Mechanical ventilation,"7,533 (23.1)","6,562 (22.0)",971 (35.6),<0.001,+0.301,0.0,chi2
Vasopressor use,"6,102 (18.7)","5,426 (18.2)",676 (24.8),<0.001,+0.161,0.0,chi2
Renal replacement therapy,913 (2.8),783 (2.6),130 (4.8),<0.001,+0.114,0.0,chi2
Sedation,"7,553 (23.2)","6,718 (22.5)",835 (30.6),<0.001,+0.183,0.0,chi2
Midazolam,"2,414 (7.4)","2,154 (7.2)",260 (9.5),<0.001,+0.084,0.0,chi2
Antibiotics,"16,213 (49.8)","14,672 (49.2)","1,541 (56.5)",<0.001,+0.147,0.0,chi2
"Urine output, mL","1640.0 (1048.5, 2470.0)","1670.0 (1073.5, 2500.0)","1320.0 (800.0, 2070.0)",<0.001,-0.300,2.8,Mann-Whitney U
